date,hospital_onset_covid
2020/01/01,0.0
2020/01/02,33.0
2020/01/03,33.0
2020/01/04,33.0
2020/01/05,33.0
2020/01/06,33.0
2020/01/07,0.0
2020/01/08,0.0
2020/01/09,0.0
2020/01/10,0.0
2020/01/11,0.0
2020/01/12,0.0
2020/01/13,0.0
2020/01/14,0.0
2020/01/15,0.0
2020/01/16,0.0
2020/01/17,0.0
2020/01/18,0.0
2020/01/19,0.0
2020/01/20,0.0
2020/01/21,0.0
2020/01/22,0.0
2020/01/23,0.0
2020/01/24,0.0
2020/01/25,0.0
2020/01/26,0.0
2020/01/27,0.0
2020/01/28,0.0
2020/01/29,0.0
2020/01/30,0.0
2020/01/31,0.0
2020/02/01,0.0
2020/02/02,0.0
2020/02/03,0.0
2020/02/04,0.0
2020/02/05,0.0
2020/02/06,0.0
2020/02/07,0.0
2020/02/08,0.0
2020/02/09,0.0
2020/02/10,0.0
2020/02/11,0.0
2020/02/12,0.0
2020/02/13,0.0
2020/02/14,0.0
2020/02/15,0.0
2020/02/16,0.0
2020/02/17,0.0
2020/02/18,0.0
2020/02/19,0.0
2020/02/20,0.0
2020/02/21,0.0
2020/02/22,0.0
2020/02/23,0.0
2020/02/24,0.0
2020/02/25,0.0
2020/02/26,0.0
2020/02/27,0.0
2020/02/28,0.0
2020/02/29,0.0
2020/03/01,0.0
2020/03/02,0.0
2020/03/03,0.0
2020/03/04,0.0
2020/03/05,0.0
2020/03/06,0.0
2020/03/07,0.0
2020/03/08,0.0
2020/03/09,20.0
2020/03/10,21.0
2020/03/11,22.0
2020/03/12,22.0
2020/03/13,24.0
2020/03/14,25.0
2020/03/15,31.0
2020/03/16,32.0
2020/03/17,33.0
2020/03/18,37.0
2020/03/19,39.0
2020/03/20,39.0
2020/03/21,44.0
2020/03/22,46.0
2020/03/23,45.0
2020/03/24,43.0
2020/03/25,54.0
2020/03/26,53.0
2020/03/27,64.0
2020/03/28,71.0
2020/03/29,78.0
2020/03/30,96.0
2020/03/31,171.0
2020/04/01,319.0
2020/04/02,347.0
2020/04/03,414.0
2020/04/04,418.0
2020/04/05,447.0
2020/04/06,479.0
2020/04/07,524.0
2020/04/08,435.0
2020/04/09,453.0
2020/04/10,525.0
2020/04/11,428.0
2020/04/12,415.0
2020/04/13,642.0
2020/04/14,723.0
2020/04/15,667.0
2020/04/16,738.0
2020/04/17,597.0
2020/04/18,527.0
2020/04/19,515.0
2020/04/20,734.0
2020/04/21,811.0
2020/04/22,778.0
2020/04/23,876.0
2020/04/24,2204.0
2020/04/25,730.0
2020/04/26,688.0
2020/04/27,695.0
2020/04/28,1020.0
2020/04/29,1095.0
2020/04/30,1134.0
2020/05/01,1018.0
2020/05/02,997.0
2020/05/03,1012.0
2020/05/04,1253.0
2020/05/05,1283.0
2020/05/06,1197.0
2020/05/07,1241.0
2020/05/08,1197.0
2020/05/09,1133.0
2020/05/10,1123.0
2020/05/11,1366.0
2020/05/12,1361.0
2020/05/13,1466.0
2020/05/14,1462.0
2020/05/15,1322.0
2020/05/16,1137.0
2020/05/17,926.0
2020/05/18,934.0
2020/05/19,844.0
2020/05/20,800.0
2020/05/21,759.0
2020/05/22,892.0
2020/05/23,983.0
2020/05/24,891.0
2020/05/25,914.0
2020/05/26,952.0
2020/05/27,954.0
2020/05/28,710.0
2020/05/29,883.0
2020/05/30,894.0
2020/05/31,827.0
2020/06/01,699.0
2020/06/02,1226.0
2020/06/03,1119.0
2020/06/04,1021.0
2020/06/05,895.0
2020/06/06,881.0
2020/06/07,604.0
2020/06/08,651.0
2020/06/09,973.0
2020/06/10,1035.0
2020/06/11,1062.0
2020/06/12,1092.0
2020/06/13,839.0
2020/06/14,519.0
2020/06/15,825.0
2020/06/16,504.0
2020/06/17,497.0
2020/06/18,578.0
2020/06/19,557.0
2020/06/20,417.0
2020/06/21,485.0
2020/06/22,493.0
2020/06/23,500.0
2020/06/24,478.0
2020/06/25,463.0
2020/06/26,446.0
2020/06/27,454.0
2020/06/28,474.0
2020/06/29,498.0
2020/06/30,472.0
2020/07/01,575.0
2020/07/02,559.0
2020/07/03,551.0
2020/07/04,483.0
2020/07/05,530.0
2020/07/06,931.0
2020/07/07,918.0
2020/07/08,957.0
2020/07/09,942.0
2020/07/10,922.0
2020/07/11,552.0
2020/07/12,548.0
2020/07/13,548.0
2020/07/14,534.0
2020/07/15,692.0
2020/07/16,1356.0
2020/07/17,1423.0
2020/07/18,1233.0
2020/07/19,1221.0
2020/07/20,1191.0
2020/07/21,535.0
2020/07/22,1172.0
2020/07/23,1326.0
2020/07/24,1334.0
2020/07/25,1240.0
2020/07/26,1193.0
2020/07/27,693.0
2020/07/28,932.0
2020/07/29,1660.0
2020/07/30,1554.0
2020/07/31,1502.0
2020/08/01,1528.0
2020/08/02,1572.0
2020/08/03,1019.0
2020/08/04,870.0
2020/08/05,1662.0
2020/08/06,1600.0
2020/08/07,1652.0
2020/08/08,1648.0
2020/08/09,1626.0
2020/08/10,1888.0
2020/08/11,1007.0
2020/08/12,1123.0
2020/08/13,953.0
2020/08/14,725.0
2020/08/15,832.0
2020/08/16,748.0
2020/08/17,668.0
2020/08/18,694.0
2020/08/19,643.0
2020/08/20,714.0
2020/08/21,676.0
2020/08/22,695.0
2020/08/23,710.0
2020/08/24,732.0
2020/08/25,635.0
2020/08/26,631.0
2020/08/27,632.0
2020/08/28,615.0
2020/08/29,1064.0
2020/08/30,1018.0
2020/08/31,1016.0
2020/09/01,1100.0
2020/09/02,1007.0
2020/09/03,871.0
2020/09/04,893.0
2020/09/05,857.0
2020/09/06,788.0
2020/09/07,792.0
2020/09/08,840.0
2020/09/09,889.0
2020/09/10,870.0
2020/09/11,874.0
2020/09/12,870.0
2020/09/13,848.0
2020/09/14,850.0
2020/09/15,951.0
2020/09/16,951.0
2020/09/17,960.0
2020/09/18,977.0
2020/09/19,985.0
2020/09/20,955.0
2020/09/21,933.0
2020/09/22,945.0
2020/09/23,952.0
2020/09/24,966.0
2020/09/25,964.0
2020/09/26,957.0
2020/09/27,946.0
2020/09/28,955.0
2020/09/29,979.0
2020/09/30,1011.0
2020/10/01,984.0
2020/10/02,1054.0
2020/10/03,983.0
2020/10/04,994.0
2020/10/05,1017.0
2020/10/06,1037.0
2020/10/07,1040.0
2020/10/08,1092.0
2020/10/09,1094.0
2020/10/10,1118.0
2020/10/11,986.0
2020/10/12,962.0
2020/10/13,969.0
2020/10/14,1095.0
2020/10/15,1046.0
2020/10/16,1068.0
2020/10/17,1080.0
2020/10/18,1062.0
2020/10/19,1042.0
2020/10/20,1336.0
2020/10/21,1295.0
2020/10/22,1333.0
2020/10/23,1347.0
2020/10/24,1255.0
2020/10/25,1281.0
2020/10/26,1207.0
2020/10/27,1233.0
2020/10/28,959.0
2020/10/29,980.0
2020/10/30,1015.0
2020/10/31,986.0
2020/11/01,988.0
2020/11/02,955.0
2020/11/03,916.0
2020/11/04,1093.0
2020/11/05,1191.0
2020/11/06,1235.0
2020/11/07,1196.0
2020/11/08,1178.0
2020/11/09,1069.0
2020/11/10,1163.0
2020/11/11,1289.0
2020/11/12,1339.0
2020/11/13,1304.0
2020/11/14,1322.0
2020/11/15,1327.0
2020/11/16,1270.0
2020/11/17,1413.0
2020/11/18,1444.0
2020/11/19,1477.0
2020/11/20,1520.0
2020/11/21,1460.0
2020/11/22,1525.0
2020/11/23,1273.0
2020/11/24,1428.0
2020/11/25,1549.0
2020/11/26,1516.0
2020/11/27,1534.0
2020/11/28,1567.0
2020/11/29,1573.0
2020/11/30,1443.0
2020/12/01,1594.0
2020/12/02,1809.0
2020/12/03,1905.0
2020/12/04,1883.0
2020/12/05,1793.0
2020/12/06,1906.0
2020/12/07,1752.0
2020/12/08,1817.0
2020/12/09,2148.0
2020/12/10,2028.0
2020/12/11,2045.0
2020/12/12,2212.0
2020/12/13,2118.0
2020/12/14,1818.0
2020/12/15,1843.0
2020/12/16,2183.0
2020/12/17,2169.0
2020/12/18,2217.0
2020/12/19,2042.0
2020/12/20,2157.0
2020/12/21,1925.0
2020/12/22,2018.0
2020/12/23,2354.0
2020/12/24,2327.0
2020/12/25,2306.0
2020/12/26,2302.0
2020/12/27,2321.0
2020/12/28,2098.0
2020/12/29,2151.0
2020/12/30,2521.0
2020/12/31,2519.0
2021/01/01,2550.0
2021/01/02,2428.0
2021/01/03,2254.0
2021/01/04,2035.0
2021/01/05,2050.0
2021/01/06,2468.0
2021/01/07,2407.0
2021/01/08,2392.0
2021/01/09,2256.0
2021/01/10,2272.0
2021/01/11,2048.0
2021/01/12,2126.0
2021/01/13,2330.0
2021/01/14,2343.0
2021/01/15,2330.0
2021/01/16,2273.0
2021/01/17,2261.0
2021/01/18,2056.0
2021/01/19,2004.0
2021/01/20,2140.0
2021/01/21,2132.0
2021/01/22,2091.0
2021/01/23,2019.0
2021/01/24,2034.0
2021/01/25,1843.0
2021/01/26,1844.0
2021/01/27,1928.0
2021/01/28,1875.0
2021/01/29,1805.0
2021/01/30,1763.0
2021/01/31,1764.0
2021/02/01,1568.0
2021/02/02,1618.0
2021/02/03,1704.0
2021/02/04,1676.0
2021/02/05,1609.0
2021/02/06,1554.0
2021/02/07,1651.0
2021/02/08,1405.0
2021/02/09,1403.0
2021/02/10,1542.0
2021/02/11,1479.0
2021/02/12,1439.0
2021/02/13,1439.0
2021/02/14,1356.0
2021/02/15,1241.0
2021/02/16,1249.0
2021/02/17,1319.0
2021/02/18,1363.0
2021/02/19,1323.0
2021/02/20,1238.0
2021/02/21,1213.0
2021/02/22,1124.0
2021/02/23,1165.0
2021/02/24,1225.0
2021/02/25,1159.0
2021/02/26,1163.0
2021/02/27,1106.0
2021/02/28,1108.0
2021/03/01,1021.0
2021/03/02,1061.0
2021/03/03,1146.0
2021/03/04,1115.0
2021/03/05,1094.0
2021/03/06,1078.0
2021/03/07,1047.0
2021/03/08,999.0
2021/03/09,995.0
2021/03/10,1019.0
2021/03/11,993.0
2021/03/12,976.0
2021/03/13,919.0
2021/03/14,934.0
2021/03/15,880.0
2021/03/16,896.0
2021/03/17,932.0
2021/03/18,899.0
2021/03/19,902.0
2021/03/20,900.0
2021/03/21,868.0
2021/03/22,833.0
2021/03/23,800.0
2021/03/24,881.0
2021/03/25,846.0
2021/03/26,860.0
2021/03/27,844.0
2021/03/28,863.0
2021/03/29,810.0
2021/03/30,842.0
2021/03/31,840.0
2021/04/01,811.0
2021/04/02,813.0
2021/04/03,776.0
2021/04/04,770.0
2021/04/05,779.0
2021/04/06,815.0
2021/04/07,875.0
2021/04/08,857.0
2021/04/09,892.0
2021/04/10,879.0
2021/04/11,885.0
2021/04/12,826.0
2021/04/13,862.0
2021/04/14,868.0
2021/04/15,876.0
2021/04/16,893.0
2021/04/17,862.0
2021/04/18,870.0
2021/04/19,821.0
2021/04/20,822.0
2021/04/21,837.0
2021/04/22,837.0
2021/04/23,830.0
2021/04/24,856.0
2021/04/25,892.0
2021/04/26,865.0
2021/04/27,891.0
2021/04/28,917.0
2021/04/29,882.0
2021/04/30,893.0
2021/05/01,911.0
2021/05/02,768.0
2021/05/03,779.0
2021/05/04,791.0
2021/05/05,848.0
2021/05/06,806.0
2021/05/07,763.0
2021/05/08,753.0
2021/05/09,741.0
2021/05/10,694.0
2021/05/11,735.0
2021/05/12,714.0
2021/05/13,716.0
2021/05/14,722.0
2021/05/15,686.0
2021/05/16,683.0
2021/05/17,657.0
2021/05/18,696.0
2021/05/19,695.0
2021/05/20,748.0
2021/05/21,727.0
2021/05/22,691.0
2021/05/23,694.0
2021/05/24,598.0
2021/05/25,656.0
2021/05/26,684.0
2021/05/27,616.0
2021/05/28,701.0
2021/05/29,709.0
2021/05/30,638.0
2021/05/31,620.0
2021/06/01,638.0
2021/06/02,694.0
2021/06/03,652.0
2021/06/04,627.0
2021/06/05,637.0
2021/06/06,640.0
2021/06/07,587.0
2021/06/08,572.0
2021/06/09,608.0
2021/06/10,577.0
2021/06/11,583.0
2021/06/12,606.0
2021/06/13,586.0
2021/06/14,525.0
2021/06/15,541.0
2021/06/16,580.0
2021/06/17,589.0
2021/06/18,565.0
2021/06/19,577.0
2021/06/20,535.0
2021/06/21,526.0
2021/06/22,545.0
2021/06/23,564.0
2021/06/24,520.0
2021/06/25,512.0
2021/06/26,540.0
2021/06/27,492.0
2021/06/28,477.0
2021/06/29,502.0
2021/06/30,546.0
2021/07/01,528.0
2021/07/02,562.0
2021/07/03,575.0
2021/07/04,521.0
2021/07/05,522.0
2021/07/06,502.0
2021/07/07,522.0
2021/07/08,557.0
2021/07/09,555.0
2021/07/10,551.0
2021/07/11,565.0
2021/07/12,502.0
2021/07/13,519.0
2021/07/14,552.0
2021/07/15,548.0
2021/07/16,546.0
2021/07/17,574.0
2021/07/18,561.0
2021/07/19,529.0
2021/07/20,548.0
2021/07/21,593.0
2021/07/22,593.0
2021/07/23,595.0
2021/07/24,628.0
2021/07/25,632.0
2021/07/26,538.0
2021/07/27,634.0
2021/07/28,673.0
2021/07/29,710.0
2021/07/30,675.0
2021/07/31,684.0
2021/08/01,690.0
2021/08/02,638.0
2021/08/03,710.0
2021/08/04,788.0
2021/08/05,800.0
2021/08/06,829.0
2021/08/07,865.0
2021/08/08,900.0
2021/08/09,836.0
2021/08/10,846.0
2021/08/11,920.0
2021/08/12,922.0
2021/08/13,952.0
2021/08/14,939.0
2021/08/15,982.0
2021/08/16,939.0
2021/08/17,979.0
2021/08/18,982.0
2021/08/19,976.0
2021/08/20,1037.0
2021/08/21,1002.0
2021/08/22,1032.0
2021/08/23,956.0
2021/08/24,1023.0
2021/08/25,1025.0
2021/08/26,1065.0
2021/08/27,1084.0
2021/08/28,1086.0
2021/08/29,1108.0
2021/08/30,1119.0
2021/08/31,1104.0
2021/09/01,1174.0
2021/09/02,1145.0
2021/09/03,1184.0
2021/09/04,1216.0
2021/09/05,1153.0
2021/09/06,1110.0
2021/09/07,1116.0
2021/09/08,1198.0
2021/09/09,1217.0
2021/09/10,1192.0
2021/09/11,1141.0
2021/09/12,1162.0
2021/09/13,1108.0
2021/09/14,1119.0
2021/09/15,1244.0
2021/09/16,1237.0
2021/09/17,1223.0
2021/09/18,1225.0
2021/09/19,1196.0
2021/09/20,1106.0
2021/09/21,1091.0
2021/09/22,1151.0
2021/09/23,1148.0
2021/09/24,1225.0
2021/09/25,1143.0
2021/09/26,1113.0
2021/09/27,1045.0
2021/09/28,1047.0
2021/09/29,1122.0
2021/09/30,1118.0
2021/10/01,1099.0
2021/10/02,1109.0
2021/10/03,1104.0
2021/10/04,1066.0
2021/10/05,1060.0
2021/10/06,1081.0
2021/10/07,1091.0
2021/10/08,1080.0
2021/10/09,1075.0
2021/10/10,1076.0
2021/10/11,1038.0
2021/10/12,1069.0
2021/10/13,1053.0
2021/10/14,1060.0
2021/10/15,1074.0
2021/10/16,1067.0
2021/10/17,1119.0
2021/10/18,999.0
2021/10/19,1015.0
2021/10/20,1044.0
2021/10/21,1057.0
2021/10/22,969.0
2021/10/23,980.0
2021/10/24,931.0
2021/10/25,880.0
2021/10/26,903.0
2021/10/27,938.0
2021/10/28,925.0
2021/10/29,888.0
2021/10/30,882.0
2021/10/31,909.0
2021/11/01,889.0
2021/11/02,883.0
2021/11/03,900.0
2021/11/04,914.0
2021/11/05,877.0
2021/11/06,903.0
2021/11/07,893.0
2021/11/08,858.0
2021/11/09,860.0
2021/11/10,929.0
2021/11/11,918.0
2021/11/12,962.0
2021/11/13,980.0
2021/11/14,1027.0
2021/11/15,984.0
2021/11/16,967.0
2021/11/17,1064.0
2021/11/18,1065.0
2021/11/19,1039.0
2021/11/20,1069.0
2021/11/21,1066.0
2021/11/22,1013.0
2021/11/23,1007.0
2021/11/24,1081.0
2021/11/25,1064.0
2021/11/26,1075.0
2021/11/27,1077.0
2021/11/28,1094.0
2021/11/29,1028.0
2021/11/30,1053.0
2021/12/01,1123.0
2021/12/02,1151.0
2021/12/03,1157.0
2021/12/04,1178.0
2021/12/05,1169.0
2021/12/06,1121.0
2021/12/07,1120.0
2021/12/08,1239.0
2021/12/09,1213.0
2021/12/10,1246.0
2021/12/11,1284.0
2021/12/12,1230.0
2021/12/13,1132.0
2021/12/14,1138.0
2021/12/15,1265.0
2021/12/16,1213.0
2021/12/17,1198.0
2021/12/18,1293.0
2021/12/19,1233.0
2021/12/20,1221.0
2021/12/21,1143.0
2021/12/22,1241.0
2021/12/23,1219.0
2021/12/24,1266.0
2021/12/25,1297.0
2021/12/26,1326.0
2021/12/27,1359.0
2021/12/28,1479.0
2021/12/29,1850.0
2021/12/30,2097.0
2021/12/31,2144.0
2022/01/01,2261.0
2022/01/02,2295.0
2022/01/03,2313.0
2022/01/04,2542.0
2022/01/05,3057.0
2022/01/06,3281.0
2022/01/07,3477.0
2022/01/08,3543.0
2022/01/09,3658.0
2022/01/10,3387.0
2022/01/11,3641.0
2022/01/12,4502.0
2022/01/13,4690.0
2022/01/14,4721.0
2022/01/15,4668.0
2022/01/16,4668.0
2022/01/17,3846.0
2022/01/18,3942.0
2022/01/19,4741.0
2022/01/20,4658.0
2022/01/21,4654.0
2022/01/22,4515.0
2022/01/23,4450.0
2022/01/24,3503.0
2022/01/25,3832.0
2022/01/26,4522.0
2022/01/27,4160.0
2022/01/28,4143.0
2022/01/29,3927.0
2022/01/30,3795.0
2022/01/31,3338.0
2022/02/01,3025.0
2022/02/02,3523.0
2022/02/03,3261.0
2022/02/04,3133.0
2022/02/05,3002.0
2022/02/06,2979.0
2022/02/07,2571.0
2022/02/08,2486.0
2022/02/09,2875.0
2022/02/10,2789.0
2022/02/11,3195.0
2022/02/12,2469.0
2022/02/13,2385.0
2022/02/14,2106.0
2022/02/15,2040.0
2022/02/16,2381.0
2022/02/17,2092.0
2022/02/18,2026.0
2022/02/19,1960.0
2022/02/20,1920.0
2022/02/21,1993.0
2022/02/22,1725.0
2022/02/23,1995.0
2022/02/24,1705.0
2022/02/25,1657.0
2022/02/26,1926.0
2022/02/27,2012.0
2022/02/28,1702.0
2022/03/01,1406.0
2022/03/02,1691.0
2022/03/03,1509.0
2022/03/04,1371.0
2022/03/05,1365.0
2022/03/06,1282.0
2022/03/07,1455.0
2022/03/08,1167.0
2022/03/09,1480.0
2022/03/10,1186.0
2022/03/11,1157.0
2022/03/12,1414.0
2022/03/13,1378.0
2022/03/14,1022.0
2022/03/15,1050.0
2022/03/16,1317.0
2022/03/17,1315.0
2022/03/18,1279.0
2022/03/19,1223.0
2022/03/20,1257.0
2022/03/21,1205.0
2022/03/22,929.0
2022/03/23,1178.0
2022/03/24,908.0
2022/03/25,880.0
2022/03/26,866.0
2022/03/27,952.0
2022/03/28,1109.0
2022/03/29,1139.0
2022/03/30,1148.0
2022/03/31,879.0
2022/04/01,861.0
2022/04/02,826.0
2022/04/03,843.0
2022/04/04,797.0
2022/04/05,811.0
2022/04/06,857.0
2022/04/07,899.0
2022/04/08,857.0
2022/04/09,868.0
2022/04/10,793.0
2022/04/11,771.0
2022/04/12,797.0
2022/04/13,808.0
2022/04/14,829.0
2022/04/15,819.0
2022/04/16,789.0
2022/04/17,792.0
2022/04/18,764.0
2022/04/19,788.0
2022/04/20,812.0
2022/04/21,850.0
2022/04/22,1100.0
2022/04/23,881.0
2022/04/24,1095.0
2022/04/25,829.0
2022/04/26,855.0
2022/04/27,1185.0
2022/04/28,967.0
2022/04/29,1195.0
2022/04/30,986.0
2022/05/01,897.0
2022/05/02,817.0
2022/05/03,884.0
2022/05/04,1289.0
2022/05/05,1034.0
2022/05/06,1293.0
2022/05/07,1292.0
2022/05/08,1274.0
2022/05/09,1272.0
2022/05/10,969.0
2022/05/11,1335.0
2022/05/12,1125.0
2022/05/13,1402.0
2022/05/14,1143.0
2022/05/15,1137.0
2022/05/16,1026.0
2022/05/17,1075.0
2022/05/18,1514.0
2022/05/19,1245.0
2022/05/20,1297.0
2022/05/21,1218.0
2022/05/22,1233.0
2022/05/23,1240.0
2022/05/24,1168.0
2022/05/25,1355.0
2022/05/26,1619.0
2022/05/27,1951.0
2022/05/28,1595.0
2022/05/29,1611.0
2022/05/30,1535.0
2022/05/31,1483.0
2022/06/01,1737.0
2022/06/02,1659.0
2022/06/03,1683.0
2022/06/04,1649.0
2022/06/05,1652.0
2022/06/06,1183.0
2022/06/07,1236.0
2022/06/08,1634.0
2022/06/09,1754.0
2022/06/10,1377.0
2022/06/11,1335.0
2022/06/12,1331.0
2022/06/13,1194.0
2022/06/14,1234.0
2022/06/15,1661.0
2022/06/16,1379.0
2022/06/17,1336.0
2022/06/18,1323.0
2022/06/19,1319.0
2022/06/20,1374.0
2022/06/21,1172.0
2022/06/22,1376.0
2022/06/23,1431.0
2022/06/24,1429.0
2022/06/25,1425.0
2022/06/26,1397.0
2022/06/27,1224.0
2022/06/28,1254.0
2022/06/29,1839.0
2022/06/30,1601.0
2022/07/01,2196.0
2022/07/02,1804.0
2022/07/03,1809.0
2022/07/04,1556.0
2022/07/05,1324.0
2022/07/06,1944.0
2022/07/07,1687.0
2022/07/08,1719.0
2022/07/09,1713.0
2022/07/10,1682.0
2022/07/11,1458.0
2022/07/12,1536.0
2022/07/13,2000.0
2022/07/14,1795.0
2022/07/15,1849.0
2022/07/16,1822.0
2022/07/17,1791.0
2022/07/18,1631.0
2022/07/19,1915.0
2022/07/20,2309.0
2022/07/21,1906.0
2022/07/22,2546.0
2022/07/23,2508.0
2022/07/24,2460.0
2022/07/25,1826.0
2022/07/26,1662.0
2022/07/27,2539.0
2022/07/28,2221.0
2022/07/29,2570.0
2022/07/30,2216.0
2022/07/31,2210.0
2022/08/01,1656.0
2022/08/02,1658.0
2022/08/03,2636.0
2022/08/04,2272.0
2022/08/05,2209.0
2022/08/06,2190.0
2022/08/07,2136.0
2022/08/08,1878.0
2022/08/09,1605.0
2022/08/10,1791.0
2022/08/11,1768.0
2022/08/12,1866.0
2022/08/13,1747.0
2022/08/14,1749.0
2022/08/15,1527.0
2022/08/16,1577.0
2022/08/17,2042.0
2022/08/18,1733.0
2022/08/19,1686.0
2022/08/20,1646.0
2022/08/21,1644.0
2022/08/22,1466.0
2022/08/23,1511.0
2022/08/24,1980.0
2022/08/25,1546.0
2022/08/26,1946.0
2022/08/27,2184.0
2022/08/28,2130.0
2022/08/29,1730.0
2022/08/30,1419.0
2022/08/31,1841.0
2022/09/01,1829.0
2022/09/02,1557.0
2022/09/03,1505.0
2022/09/04,1421.0
2022/09/05,1301.0
2022/09/06,1336.0
2022/09/07,1722.0
2022/09/08,1747.0
2022/09/09,1838.0
2022/09/10,1651.0
2022/09/11,1660.0
2022/09/12,1623.0
2022/09/13,1646.0
2022/09/14,1769.0
2022/09/15,1720.0
2022/09/16,1381.0
2022/09/17,1336.0
2022/09/18,1315.0
2022/09/19,1323.0
2022/09/20,1364.0
2022/09/21,1682.0
2022/09/22,1349.0
2022/09/23,1373.0
2022/09/24,1308.0
2022/09/25,1321.0
2022/09/26,1281.0
2022/09/27,1284.0
2022/09/28,1659.0
2022/09/29,1436.0
2022/09/30,1316.0
2022/10/01,1617.0
2022/10/02,1593.0
2022/10/03,1233.0
2022/10/04,1271.0
2022/10/05,1370.0
2022/10/06,1356.0
2022/10/07,1345.0
2022/10/08,1335.0
2022/10/09,1297.0
2022/10/10,1262.0
2022/10/11,1330.0
2022/10/12,1691.0
2022/10/13,1365.0
2022/10/14,1363.0
2022/10/15,1604.0
2022/10/16,1633.0
2022/10/17,1656.0
2022/10/18,1687.0
2022/10/19,1689.0
2022/10/20,1695.0
2022/10/21,1667.0
2022/10/22,1634.0
2022/10/23,1635.0
2022/10/24,1303.0
2022/10/25,1459.0
2022/10/26,1823.0
2022/10/27,1425.0
2022/10/28,1384.0
2022/10/29,1337.0
2022/10/30,1367.0
2022/10/31,1327.0
2022/11/01,1485.0
2022/11/02,1793.0
2022/11/03,1396.0
2022/11/04,1360.0
2022/11/05,1882.0
2022/11/06,1792.0
2022/11/07,1353.0
2022/11/08,1502.0
2022/11/09,1810.0
2022/11/10,1428.0
2022/11/11,1350.0
2022/11/12,1337.0
2022/11/13,1456.0
2022/11/14,1306.0
2022/11/15,1302.0
2022/11/16,1731.0
2022/11/17,1572.0
2022/11/18,1336.0
2022/11/19,1283.0
2022/11/20,1353.0
2022/11/21,1277.0
2022/11/22,1625.0
2022/11/23,1702.0
2022/11/24,1577.0
2022/11/25,1877.0
2022/11/26,1931.0
2022/11/27,1758.0
2022/11/28,1486.0
2022/11/29,1560.0
2022/11/30,1574.0
2022/12/01,1607.0
2022/12/02,1591.0
2022/12/03,1583.0
2022/12/04,1560.0
2022/12/05,1622.0
2022/12/06,1719.0
2022/12/07,2034.0
2022/12/08,1755.0
2022/12/09,1761.0
2022/12/10,1716.0
2022/12/11,1705.0
2022/12/12,1753.0
2022/12/13,1770.0
2022/12/14,1803.0
2022/12/15,1931.0
2022/12/16,2302.0
2022/12/17,2269.0
2022/12/18,2237.0
2022/12/19,1925.0
2022/12/20,1965.0
2022/12/21,2438.0
2022/12/22,2002.0
2022/12/23,1906.0
2022/12/24,1928.0
2022/12/25,1954.0
2022/12/26,1903.0
2022/12/27,2110.0
2022/12/28,2396.0
2022/12/29,2076.0
2022/12/30,2264.0
2022/12/31,2061.0
2023/01/01,2031.0
2023/01/02,2057.0
2023/01/03,2108.0
2023/01/04,2610.0
2023/01/05,2185.0
2023/01/06,2577.0
2023/01/07,2431.0
2023/01/08,2399.0
2023/01/09,2070.0
2023/01/10,2056.0
2023/01/11,2061.0
2023/01/12,1639.0
2023/01/13,1629.0
2023/01/14,1529.0
2023/01/15,1456.0
2023/01/16,1494.0
2023/01/17,1589.0
2023/01/18,1990.0
2023/01/19,1934.0
2023/01/20,1814.0
2023/01/21,1792.0
2023/01/22,1744.0
2023/01/23,1356.0
2023/01/24,1356.0
2023/01/25,1774.0
2023/01/26,1336.0
2023/01/27,1295.0
2023/01/28,1295.0
2023/01/29,1245.0
2023/01/30,1246.0
2023/01/31,1378.0
2023/02/01,1444.0
2023/02/02,1443.0
2023/02/03,1788.0
2023/02/04,1671.0
2023/02/05,1683.0
2023/02/06,1213.0
2023/02/07,1708.0
2023/02/08,1388.0
2023/02/09,1730.0
2023/02/10,1322.0
2023/02/11,1438.0
2023/02/12,1282.0
2023/02/13,1259.0
2023/02/14,1276.0
2023/02/15,1337.0
2023/02/16,1303.0
2023/02/17,1324.0
2023/02/18,1279.0
2023/02/19,1160.0
2023/02/20,1106.0
2023/02/21,1140.0
2023/02/22,1653.0
2023/02/23,1234.0
2023/02/24,1237.0
2023/02/25,1237.0
2023/02/26,1158.0
2023/02/27,1171.0
2023/02/28,1244.0
2023/03/01,1272.0
2023/03/02,1177.0
2023/03/03,1191.0
2023/03/04,1131.0
2023/03/05,1132.0
2023/03/06,1030.0
2023/03/07,1077.0
2023/03/08,1404.0
2023/03/09,965.0
2023/03/10,1327.0
2023/03/11,1309.0
2023/03/12,1370.0
2023/03/13,1809.0
2023/03/14,953.0
2023/03/15,1367.0
2023/03/16,986.0
2023/03/17,983.0
2023/03/18,986.0
2023/03/19,982.0
2023/03/20,964.0
2023/03/21,972.0
2023/03/22,1400.0
2023/03/23,981.0
2023/03/24,956.0
2023/03/25,1295.0
2023/03/26,1452.0
2023/03/27,1258.0
2023/03/28,911.0
2023/03/29,1299.0
2023/03/30,945.0
2023/03/31,922.0
2023/04/01,1281.0
2023/04/02,1272.0
2023/04/03,1272.0
2023/04/04,883.0
2023/04/05,1342.0
2023/04/06,860.0
2023/04/07,1169.0
2023/04/08,865.0
2023/04/09,966.0
2023/04/10,831.0
2023/04/11,1020.0
2023/04/12,1424.0
2023/04/13,1145.0
2023/04/14,882.0
2023/04/15,1211.0
2023/04/16,1210.0
2023/04/17,788.0
2023/04/18,968.0
2023/04/19,825.0
2023/04/20,810.0
2023/04/21,822.0
2023/04/22,786.0
2023/04/23,770.0
2023/04/24,756.0
2023/04/25,798.0
2023/04/26,1200.0
2023/04/27,794.0
2023/04/28,920.0
2023/04/29,843.0
2023/04/30,839.0
2023/05/01,918.0
2023/05/02,808.0
2023/05/03,712.0
2023/05/04,815.0
2023/05/05,781.0
2023/05/06,779.0
2023/05/07,783.0
2023/05/08,795.0
2023/05/09,727.0
2023/05/10,1128.0
2023/05/11,764.0
2023/05/12,768.0
2023/05/13,866.0
2023/05/14,753.0
2023/05/15,647.0
2023/05/16,642.0
2023/05/17,662.0
2023/05/18,1100.0
2023/05/19,1039.0
2023/05/20,661.0
2023/05/21,655.0
2023/05/22,615.0
2023/05/23,651.0
2023/05/24,1059.0
2023/05/25,674.0
2023/05/26,674.0
2023/05/27,656.0
2023/05/28,647.0
2023/05/29,676.0
2023/05/30,628.0
2023/05/31,1041.0
2023/06/01,1030.0
2023/06/02,1062.0
2023/06/03,1055.0
2023/06/04,1110.0
2023/06/05,663.0
2023/06/06,657.0
2023/06/07,1287.0
2023/06/08,685.0
2023/06/09,1058.0
2023/06/10,526.0
2023/06/11,350.0
2023/06/12,312.0
2023/06/13,248.0
2023/06/14,293.0
2023/06/15,261.0
2023/06/16,249.0
2023/06/17,244.0
2023/06/18,222.0
2023/06/19,180.0
2023/06/20,190.0
2023/06/21,298.0
2023/06/22,219.0
2023/06/23,206.0
2023/06/24,207.0
2023/06/25,206.0
2023/06/26,178.0
2023/06/27,155.0
2023/06/28,192.0
2023/06/29,187.0
2023/06/30,191.0
2023/07/01,182.0
2023/07/02,179.0
2023/07/03,149.0
2023/07/04,150.0
2023/07/05,184.0
2023/07/06,190.0
2023/07/07,191.0
2023/07/08,196.0
2023/07/09,193.0
2023/07/10,146.0
2023/07/11,158.0
2023/07/12,186.0
2023/07/13,231.0
2023/07/14,174.0
2023/07/15,175.0
2023/07/16,171.0
2023/07/17,137.0
2023/07/18,152.0
2023/07/19,177.0
2023/07/20,181.0
2023/07/21,179.0
2023/07/22,182.0
2023/07/23,176.0
2023/07/24,157.0
2023/07/25,180.0
2023/07/26,215.0
2023/07/27,198.0
2023/07/28,207.0
2023/07/29,224.0
2023/07/30,220.0
2023/07/31,189.0
2023/08/01,205.0
2023/08/02,251.0
2023/08/03,260.0
2023/08/04,273.0
2023/08/05,267.0
2023/08/06,254.0
2023/08/07,266.0
2023/08/08,237.0
2023/08/09,276.0
2023/08/10,265.0
2023/08/11,250.0
2023/08/12,245.0
2023/08/13,247.0
2023/08/14,270.0
2023/08/15,230.0
2023/08/16,295.0
2023/08/17,307.0
2023/08/18,324.0
2023/08/19,320.0
2023/08/20,309.0
2023/08/21,249.0
2023/08/22,247.0
2023/08/23,319.0
2023/08/24,312.0
2023/08/25,309.0
2023/08/26,327.0
2023/08/27,331.0
2023/08/28,285.0
2023/08/29,325.0
2023/08/30,347.0
2023/08/31,351.0
2023/09/01,350.0
2023/09/02,325.0
2023/09/03,326.0
2023/09/04,311.0
2023/09/05,306.0
2023/09/06,379.0
2023/09/07,375.0
2023/09/08,342.0
2023/09/09,340.0
2023/09/10,367.0
2023/09/11,305.0
2023/09/12,315.0
2023/09/13,332.0
2023/09/14,340.0
2023/09/15,338.0
2023/09/16,301.0
2023/09/17,320.0
2023/09/18,276.0
2023/09/19,380.0
2023/09/20,372.0
2023/09/21,365.0
2023/09/22,357.0
2023/09/23,359.0
2023/09/24,357.0
2023/09/25,299.0
2023/09/26,303.0
2023/09/27,372.0
2023/09/28,344.0
2023/09/29,347.0
2023/09/30,337.0
2023/10/01,340.0
2023/10/02,296.0
2023/10/03,288.0
2023/10/04,320.0
2023/10/05,325.0
2023/10/06,346.0
2023/10/07,310.0
2023/10/08,346.0
2023/10/09,308.0
2023/10/10,311.0
2023/10/11,329.0
2023/10/12,305.0
2023/10/13,293.0
2023/10/14,301.0
2023/10/15,290.0
2023/10/16,258.0
2023/10/17,278.0
2023/10/18,300.0
2023/10/19,303.0
2023/10/20,307.0
2023/10/21,292.0
2023/10/22,303.0
2023/10/23,253.0
2023/10/24,263.0
2023/10/25,300.0
2023/10/26,302.0
2023/10/27,301.0
2023/10/28,303.0
2023/10/29,300.0
2023/10/30,266.0
2023/10/31,266.0
2023/11/01,316.0
2023/11/02,303.0
2023/11/03,279.0
2023/11/04,298.0
2023/11/05,299.0
2023/11/06,247.0
2023/11/07,264.0
2023/11/08,305.0
2023/11/09,307.0
2023/11/10,305.0
2023/11/11,307.0
2023/11/12,292.0
2023/11/13,257.0
2023/11/14,277.0
2023/11/15,314.0
2023/11/16,320.0
2023/11/17,325.0
2023/11/18,308.0
2023/11/19,317.0
2023/11/20,255.0
2023/11/21,272.0
2023/11/22,311.0
2023/11/23,304.0
2023/11/24,303.0
2023/11/25,291.0
2023/11/26,293.0
2023/11/27,263.0
2023/11/28,261.0
2023/11/29,342.0
2023/11/30,312.0
2023/12/01,320.0
2023/12/02,328.0
2023/12/03,325.0
2023/12/04,316.0
2023/12/05,441.0
2023/12/06,374.0
2023/12/07,382.0
2023/12/08,347.0
2023/12/09,359.0
2023/12/10,331.0
2023/12/11,319.0
2023/12/12,320.0
2023/12/13,365.0
2023/12/14,398.0
2023/12/15,360.0
2023/12/16,348.0
2023/12/17,396.0
2023/12/18,360.0
2023/12/19,378.0
2023/12/20,419.0
2023/12/21,412.0
2023/12/22,412.0
2023/12/23,407.0
2023/12/24,414.0
2023/12/25,379.0
2023/12/26,384.0
2023/12/27,475.0
2023/12/28,499.0
2023/12/29,515.0
2023/12/30,493.0
2023/12/31,532.0
2024/01/01,433.0
2024/01/02,448.0
2024/01/03,510.0
2024/01/04,515.0
2024/01/05,511.0
2024/01/06,503.0
2024/01/07,496.0
2024/01/08,432.0
2024/01/09,457.0
2024/01/10,478.0
2024/01/11,478.0
2024/01/12,488.0
2024/01/13,456.0
2024/01/14,498.0
2024/01/15,432.0
2024/01/16,434.0
2024/01/17,530.0
2024/01/18,526.0
2024/01/19,519.0
2024/01/20,493.0
2024/01/21,499.0
2024/01/22,432.0
2024/01/23,434.0
2024/01/24,523.0
2024/01/25,458.0
2024/01/26,441.0
2024/01/27,443.0
2024/01/28,439.0
2024/01/29,388.0
2024/01/30,375.0
2024/01/31,406.0
2024/02/01,402.0
2024/02/02,411.0
2024/02/03,388.0
2024/02/04,378.0
2024/02/05,455.0
2024/02/06,367.0
2024/02/07,392.0
2024/02/08,371.0
2024/02/09,376.0
2024/02/10,365.0
2024/02/11,371.0
2024/02/12,340.0
2024/02/13,342.0
2024/02/14,357.0
2024/02/15,342.0
2024/02/16,334.0
2024/02/17,341.0
2024/02/18,359.0
2024/02/19,319.0
2024/02/20,312.0
2024/02/21,344.0
2024/02/22,338.0
2024/02/23,301.0
2024/02/24,301.0
2024/02/25,319.0
2024/02/26,278.0
2024/02/27,276.0
2024/02/28,282.0
2024/02/29,313.0
2024/03/01,280.0
2024/03/02,264.0
2024/03/03,265.0
2024/03/04,229.0
2024/03/05,207.0
2024/03/06,252.0
2024/03/07,244.0
2024/03/08,250.0
2024/03/09,242.0
2024/03/10,236.0
2024/03/11,190.0
2024/03/12,184.0
2024/03/13,233.0
2024/03/14,241.0
2024/03/15,233.0
2024/03/16,225.0
2024/03/17,217.0
2024/03/18,175.0
2024/03/19,188.0
2024/03/20,217.0
2024/03/21,214.0
2024/03/22,207.0
2024/03/23,200.0
2024/03/24,211.0
2024/03/25,186.0
2024/03/26,180.0
2024/03/27,227.0
2024/03/28,209.0
2024/03/29,210.0
2024/03/30,204.0
2024/03/31,200.0
2024/04/01,165.0
2024/04/02,179.0
2024/04/03,223.0
2024/04/04,197.0
2024/04/05,198.0
2024/04/06,204.0
2024/04/07,206.0
2024/04/08,189.0
2024/04/09,168.0
2024/04/10,195.0
2024/04/11,206.0
2024/04/12,208.0
2024/04/13,180.0
2024/04/14,183.0
2024/04/15,133.0
2024/04/16,146.0
2024/04/17,177.0
2024/04/18,184.0
2024/04/19,174.0
2024/04/20,173.0
2024/04/21,174.0
2024/04/22,133.0
2024/04/23,127.0
2024/04/24,157.0
2024/04/25,162.0
2024/04/26,155.0
2024/04/27,148.0
